1,2025-05-05 14:08:32
2,2025-05-05 14:08:43
5,2025-05-05 14:08:59
1,2025-05-05 14:11:38
3,2025-05-05 14:12:18
4,2025-05-05 14:12:24
1,2025-05-05 14:16:53
1,2025-05-05 14:19:49
1,2025-05-05 14:24:06
1,2025-05-05 14:39:58
1,2025-05-19 10:06:08
1,2025-05-19 10:08:34
1,2025-05-19 10:09:10
1,2025-05-19 10:37:01
1,2025-05-19 10:44:14
1,2025-05-19 10:48:08
1,2025-05-19 10:52:55
2,2025-05-19 10:52:55
1,2025-05-19 10:54:10
2,2025-05-19 10:54:10
3,2025-05-19 10:54:14
1,2025-05-19 10:55:42
2,2025-05-19 10:55:42
1,2025-05-19 10:57:59
2,2025-05-19 10:57:59
1,2025-05-19 11:04:51
2,2025-05-19 11:04:51
1,2025-05-23 20:23:30
1,2025-05-24 12:02:01
1,2025-05-24 12:18:51
1,2025-05-24 12:19:22
1,2025-05-24 12:25:53
2,2025-05-24 12:26:27
1,2025-05-24 12:27:03
1,2025-05-26 11:35:14
